date,ward,age_years,area_m2,station_walk_min,far,bcr,lat,lon,price_total_yen
2018-07-15,千代田区,18,53.86884934896931,5,323,70,35.684377690673706,139.8076998041621,63971683
2022-08-22,川崎市中原区,13,33.90725930372042,10,556,65,35.43620565176044,139.6423612236627,25290590
2021-12-04,川崎市中原区,11,37.395457055308114,3,286,59,35.705405654100474,139.741243337621,21615805
2020-08-19,渋谷区,14,80.55096534433957,5,213,56,35.77145790903504,139.66848517009143,78118887
2020-08-06,さいたま市大宮区,17,39.55092902471163,9,579,40,35.64639176477429,140.10494961044222,44936485
2023-02-24,中央区,6,41.83857305854433,16,509,47,35.89798323953681,139.74654038451325,54788402
2018-07-08,中央区,32,77.04296233985576,16,653,75,35.57425138630767,139.99178482275448,81146233
2022-03-08,中央区,25,89.86080603088487,6,406,53,35.70609284983639,139.73065665037885,78687213
2019-03-18,千葉市中央区,37,40.9412004540959,9,712,68,35.675701030400084,139.79889314623023,31580972
2018-07-26,川崎市中原区,32,50.58101251854363,4,452,68,35.66796427990679,139.5617953892532,48167805
2021-02-26,中央区,7,59.09866661128611,15,642,52,35.66628133983943,139.6929391112198,52606504
2023-11-07,柏市,4,75.74437173286711,6,260,48,35.69285260360114,139.79158020061837,56580016
2022-05-31,千葉市中央区,19,43.15771505886115,16,258,67,35.78175504921565,139.99790057464398,58683751
2022-07-25,柏市,22,52.056665848694685,17,669,43,35.84532834835297,139.79329741665143,68039815
2022-04-21,千葉市中央区,11,64.32805091274093,14,700,59,35.6797299706595,139.96755805417894,75727607
2022-09-18,中央区,35,60.217192893599425,7,765,75,35.777837928660595,139.85610936653043,46116128
2021-01-28,千葉市中央区,26,50.48612714523881,19,394,68,35.595787966447986,140.00411020091968,56595143
2018-10-08,渋谷区,33,53.394124425807505,14,213,70,35.77191465432715,139.75114366740422,57554876
2023-01-14,新宿区,5,38.50125029956022,13,787,43,35.58856101714076,140.11853340659775,39983899
2020-09-13,中央区,36,52.141915072304016,17,560,47,35.810879192330574,139.68719056956286,62566807
2020-12-31,柏市,10,51.80335011989254,17,348,51,35.94527690528719,139.64503072487034,55796053
2020-03-23,川崎市中原区,20,57.78603867551507,3,658,51,35.66534993344343,139.57849207254662,63449234
2019-02-04,中央区,20,48.336073374171804,17,742,47,35.41689478110311,140.1096537007337,52076379
2023-07-23,横浜市西区,37,60.65846227054167,15,370,78,35.61423124801062,139.88291713589268,61759915
2022-09-08,渋谷区,13,67.15258981383795,5,661,46,35.827825016114716,139.70988188999294,39840139
2021-11-11,さいたま市大宮区,11,56.86515193202159,7,672,68,35.74636921444303,139.94735340453101,54972919
2020-05-31,渋谷区,15,59.22107690079044,15,501,63,35.709869631841,139.86315382776766,49672365
2022-12-07,川崎市中原区,16,55.63786417093441,5,579,64,35.80104020271458,140.05491912070633,38614447
2021-04-09,中央区,8,55.00101271709697,10,361,48,35.73813441270981,139.527825075089,70751285
2020-08-29,渋谷区,8,46.34130359748583,14,757,52,35.826127022494134,139.72019598375286,60049018
2020-09-13,柏市,11,58.7979311400797,13,789,64,35.79033084119764,139.69062179240856,71841906
2019-05-13,渋谷区,21,53.83256081903813,18,788,51,35.862604054328436,139.4639475985387,53888691
2018-07-21,千代田区,16,80.11801970716714,4,642,67,35.72305553006875,139.91904908071695,97754000
2021-04-29,中央区,18,73.88025882970291,7,225,41,35.788631128179276,139.71944051662948,70364344
2023-04-29,横浜市西区,32,59.63015863067801,19,419,42,35.643144751229705,139.87094468074798,59067217
2018-05-20,港区,11,45.84331348366279,12,466,69,35.607824702612916,140.11396579014942,33525477
2023-02-23,渋谷区,41,41.65106233619898,6,775,64,35.88481211685028,139.70701344622586,42875531
2022-12-18,港区,34,69.29371543706638,7,528,41,35.705944561158724,139.6968270526014,66665902
2019-08-30,横浜市西区,8,58.15299070176566,8,521,75,35.77658566790348,139.77779962545858,40094717
2021-10-15,さいたま市大宮区,14,60.76172084069933,11,288,40,35.694848801729364,139.9080871029475,57101469
2018-12-28,柏市,9,34.06496815630969,7,676,78,35.6096181218896,139.67499304620347,31818522
2022-07-19,中央区,13,66.12926177869817,13,401,69,35.68131794710989,139.66535576043017,86597077
2022-03-15,船橋市,17,60.45304405857235,10,255,79,35.85231928213213,139.9185783905362,68241975
2020-02-16,新宿区,6,41.674831787026264,12,792,77,35.74662880891353,139.8167958985757,39686487
2018-05-29,千葉市中央区,1,49.34170231060061,4,314,52,35.47462322083234,139.45329076054927,49329735
2023-10-27,川崎市中原区,20,58.164606452278235,13,209,70,35.65417066521086,139.57619123007962,55770695
2020-09-03,千葉市中央区,31,55.62960158027492,18,246,48,35.89387525512456,139.98518537957406,50590516
2023-05-10,千葉市中央区,14,51.49394577035734,4,471,58,35.654344376578,139.82028924246183,37771559
2022-01-24,横浜市西区,38,53.75814078320847,7,261,49,35.463942556991896,139.6456706103444,49446180
2022-09-01,新宿区,17,51.97627146151738,14,705,59,35.90716586625071,139.73443855141474,41621576
2022-07-23,横浜市西区,40,56.83075014522962,13,507,74,35.761887101177535,139.76198550092025,39777938
2019-03-03,船橋市,11,72.65790367591788,14,394,57,35.67159845694246,139.87036000404203,76453869
2020-03-07,柏市,24,24.200098708824427,12,201,43,35.635429871670155,139.55626049077117,24883822
2020-10-19,柏市,34,52.15779682588379,14,487,52,35.80988223157501,139.6338576291994,30911761
2020-12-26,港区,3,57.11814905646936,12,290,71,35.614961991972855,139.8009433632295,52860737
2018-04-06,川崎市中原区,41,58.551927876245195,3,786,60,35.81779077094192,139.74502481292566,67284378
2021-04-11,港区,17,50.53702502414452,15,374,62,35.74506343428691,139.8457788773955,58716177
2018-12-04,さいたま市大宮区,22,33.91933861025701,10,484,57,35.70936183105848,139.57557389039604,39182513
2022-06-16,柏市,28,58.935945804569315,2,211,51,35.697461776640274,139.81356930144068,56447825
2022-02-04,千代田区,29,75.72820256997022,9,278,63,35.6590038355943,139.92373754290662,59143039
2023-07-14,さいたま市大宮区,2,36.593663141006346,9,324,65,35.80547681442511,139.8330227820724,26832678
2022-06-20,柏市,39,65.36593616437825,3,231,75,35.57615886014778,139.78086676096422,66602723
2020-03-13,船橋市,28,51.05769732252527,19,635,64,35.48536898478037,139.7456174596151,52377845
2023-10-20,中央区,44,54.26410785005383,6,767,79,35.753732814747096,139.63477232708428,65522077
2020-06-18,港区,21,42.365217871552616,7,791,73,35.755748599368054,139.74920021113402,49567132
2019-12-15,柏市,27,50.98652593172948,9,359,43,35.73762893830141,139.94895587793206,47088823
2023-06-07,柏市,20,70.6005351363875,16,673,55,35.72892740435417,139.74214572400996,49502188
2020-03-22,川崎市中原区,40,61.991862903852486,15,502,55,35.641535154599495,139.62652940159774,54935867
2018-06-17,柏市,37,75.78773926491934,15,227,40,35.774497924526266,139.68616293668518,75291044
2020-10-25,千代田区,40,69.12894266773233,6,254,47,35.674533024789454,139.79012754459137,62878535
2022-10-09,川崎市中原区,23,60.26904014715491,17,528,70,35.62154637270218,139.70397290042285,50289763
2019-02-19,千代田区,35,75.9272143140135,16,454,54,35.64257304252935,139.83279549245947,75971021
2020-10-10,柏市,16,60.26791790485959,10,205,45,35.9224767638531,139.83842656411235,51180025
2018-10-12,さいたま市大宮区,21,64.9358581215647,11,758,51,35.47180287015455,139.8933474770607,53532263
2022-02-12,柏市,34,51.4411485575835,2,638,50,35.73997457251549,139.97353392083974,52073389
2020-11-07,川崎市中原区,4,55.79854979031046,15,501,46,35.478506748685156,139.90937880865584,48522501
2019-12-25,千代田区,32,46.63091412039668,19,792,44,35.66701199940124,139.61986414037779,46575930
2019-05-12,千代田区,1,66.87500721513824,10,782,70,35.627964701781494,139.62446983301356,67185361
2021-05-21,渋谷区,26,40.860356522621615,11,784,72,35.42979660439841,139.74863427853103,29505843
2022-01-06,千葉市中央区,21,64.38820410901194,10,355,59,35.72668451085205,139.6923236964141,54971543
2023-08-22,港区,21,52.71218730993809,3,728,64,35.634395432536934,139.58925099095586,65234251
2020-08-15,船橋市,22,69.05496512160784,13,502,76,35.42809523889265,139.69374623087404,49552744
2018-12-18,新宿区,22,64.01042786477512,14,635,73,35.78074817089291,139.68882305995714,33712315
2022-12-29,横浜市西区,18,76.84775389176161,18,715,41,35.85220074135867,139.6592228390358,44389642
2021-10-11,新宿区,20,63.769296293663736,18,297,78,35.85881492107559,139.71263157707673,60952095
2022-03-14,横浜市西区,25,36.13551693216111,10,468,42,35.72307477287818,139.93676762754774,34552183
2018-08-01,中央区,34,54.19656192522159,19,277,41,35.685526976629255,139.78988570618736,50211913
2019-11-16,千代田区,25,40.93591368886221,11,367,56,35.839378794507496,140.1307713614083,48829912
2022-08-09,川崎市中原区,29,48.7806418916047,13,448,69,35.881886030240814,139.78557622790294,20265093
2022-12-28,千葉市中央区,37,73.13474119932066,12,713,43,35.81602824434508,139.71649013390942,75269308
2020-08-11,柏市,44,62.65040573077235,19,717,51,35.56701548773243,139.7606199323982,79082832
2022-10-29,渋谷区,5,46.61283485705505,15,433,50,35.70416138238579,139.79847379676653,33768381
2023-01-18,船橋市,32,42.83539160271521,4,397,55,35.73274193731497,139.82528809357564,37439789
2020-04-28,船橋市,10,55.39338511451513,3,518,79,35.46284596372993,140.07150669887884,44282669
2023-05-21,柏市,9,40.401278207426465,9,747,53,35.73632327915449,139.63320193025336,31154669
2019-09-24,中央区,35,46.94631667124103,11,785,48,35.95275901911753,139.88885690872664,41535640
2019-06-09,船橋市,4,58.74411365861493,14,336,44,35.756792339896094,139.7911625896421,72578179
2022-02-03,川崎市中原区,38,68.86374443328036,10,311,47,35.85680956977301,139.5243353386144,90726422
2021-10-26,千代田区,34,62.30513766669328,11,624,45,35.701949767615446,139.8756048173142,55003732
2018-11-03,新宿区,44,27.5045258968228,18,380,62,35.671213801121944,139.95014353412057,36608855
2022-12-29,さいたま市大宮区,30,58.65240074836312,8,319,56,35.72575256680972,139.63142353943337,56137109
2019-03-14,港区,39,55.86440287879093,10,218,59,35.58210080224187,139.75865991981618,72664963
2022-10-29,中央区,6,59.966683424472315,12,441,73,35.564346977531876,139.50119686069883,55849387
2018-01-17,千葉市中央区,40,74.39451617981449,10,435,63,35.831956546860326,139.57117903104734,72624787
2022-10-12,港区,8,30.241140678343086,19,537,46,35.84468108114398,139.91720443664258,30939556
2022-09-20,横浜市西区,14,47.90675889770673,19,320,55,35.56106724212952,139.69003752409887,75969136
2022-09-05,新宿区,6,62.090875873520254,11,628,52,35.79615985654647,139.59367955375927,69557745
2021-12-27,横浜市西区,18,36.020867206552694,10,608,73,35.669564802927276,139.79441905466877,29124567
2020-10-29,新宿区,33,72.71138857664211,12,477,52,35.720777028938855,139.68163813528534,83167255
2022-03-25,柏市,12,59.4202793524079,5,308,45,35.73522623673221,139.68937675133367,52149227
2019-08-30,千代田区,37,65.15900783012084,9,504,69,35.799322056174915,139.8708989038512,55518730
2022-09-06,柏市,27,48.14867606173846,5,604,57,35.68992618422358,139.58573999615984,54490832
2021-05-01,千葉市中央区,28,64.76516427959453,4,423,43,35.84921943943623,139.62419521809773,61929558
2020-10-02,船橋市,42,67.82165867186846,3,358,67,35.71712954077119,139.78311199882233,68209271
2021-01-12,船橋市,20,57.79453624164602,12,503,48,35.75490211269634,139.90541146861221,55066463
2021-05-30,新宿区,16,57.81281071238435,2,413,74,35.58000848901553,139.94572404522347,58813933
2018-03-23,柏市,44,58.244118871380714,13,440,73,35.93903908128458,139.66024074194576,60282265
2018-11-03,川崎市中原区,25,44.63985682312742,9,409,54,35.736378990784594,139.90060654503793,25114678
2019-06-22,柏市,28,53.229655837115764,8,382,62,35.76555969104141,139.64237865597943,57664459
2018-09-08,船橋市,14,53.16972961057169,15,630,62,35.48701770265461,140.03393140203602,40068501
2020-08-20,川崎市中原区,10,59.600726372241944,11,476,66,35.58127575723051,139.58993434618702,39428274
2022-01-03,中央区,8,66.99789096292353,15,479,42,35.82854604255025,139.95927182161876,62865310
2021-12-04,港区,10,42.29756701625909,14,591,52,35.71442693419511,139.66152708397718,40893127
2020-10-28,港区,9,53.49989163616507,2,416,46,35.45034643182053,140.06198696821917,43404396
2023-02-16,中央区,33,72.77746657190768,5,260,67,35.80459479147806,139.84869810932787,81234671
2021-05-22,千葉市中央区,3,46.076941254249235,12,711,42,35.614746063477675,139.60759752058877,31404428
2018-06-23,横浜市西区,28,45.13299979251616,19,233,60,35.849358038305205,139.68166422806863,39203031
2022-08-03,横浜市西区,42,57.42767430197432,4,543,69,35.66945971856756,139.87717718078355,47838698
2021-06-12,新宿区,34,65.13262228582384,3,359,77,35.704564802322466,139.91789666264233,61269120
2021-10-22,川崎市中原区,18,55.13711266672791,18,328,51,35.821474549430995,139.74939266124133,55455411
2021-05-23,さいたま市大宮区,3,70.94752708524388,19,225,40,35.57230084349744,139.7666987421445,53098648
2021-04-27,柏市,37,65.28152779079832,5,740,68,35.56085838305993,139.8737529548966,71473907
2018-07-18,千葉市中央区,1,65.10184080268074,9,457,40,35.65642018955223,139.77976976405162,62667062
2021-05-09,川崎市中原区,30,61.64939801588912,13,405,42,35.779260735954544,139.56597427109924,35239458
2022-10-07,柏市,30,82.93183720415303,5,644,79,35.520294729686384,139.63805389630397,46299328
2019-10-28,中央区,9,52.53805973360747,7,223,74,35.47983584801331,139.79526799147274,49781710
2021-08-13,柏市,33,30.95773249520183,9,538,68,35.778846511245256,139.94232236247464,28041716
2018-03-09,中央区,8,74.2510523382057,13,496,73,35.60764260249196,140.0023973636243,69002689
2020-02-01,港区,10,49.50760682851809,7,532,43,35.632932878449566,139.8769294131157,46755157
2020-08-14,中央区,36,56.2945653321164,9,274,43,35.45718275176718,139.80309361415544,56019395
2023-11-23,港区,44,70.71460821832632,7,771,52,35.598522482277765,139.87232208289737,80581411
2019-04-15,港区,12,35.7728855072929,15,343,40,35.67909192440426,139.65998737246898,26034755
2019-08-29,船橋市,41,39.98023343072633,4,607,75,35.79164534291475,139.73701535596126,28610082
2020-06-13,千葉市中央区,41,35.784664754573754,6,648,42,35.58745238005184,139.63638039179907,26170585
2023-12-14,新宿区,34,45.47036451969491,6,406,61,35.8788851344279,139.57268860839383,45824275
2023-02-12,船橋市,7,60.275639272203925,18,278,74,35.59785327709842,139.81003235174543,72269857
2018-03-17,千代田区,14,61.29025411375325,19,378,69,35.598028983809776,139.7878269959877,52938360
2019-05-28,渋谷区,30,58.31529015194265,11,684,49,35.864482906227735,139.86314787267634,26222055
2022-12-05,さいたま市大宮区,44,38.0468093932916,4,743,58,35.70537521828367,139.84191677463386,23178170
2018-05-08,渋谷区,36,27.278758760408273,15,762,61,35.61375703251861,139.79639664069856,21369979
2023-02-17,千葉市中央区,19,55.65224302468459,10,335,70,35.661384024258325,139.84349249985164,46661858
2019-09-09,船橋市,11,49.33868759633997,17,563,57,35.842368829305045,139.75359753556586,42841881
2023-07-03,千代田区,43,60.51262926059934,8,290,51,35.85594433835508,139.82193370928334,57953926
2019-10-05,千代田区,13,63.42344351465524,19,626,71,35.58198481848757,139.65107833959703,56297866
2020-08-09,柏市,16,56.65889718470418,16,449,75,35.674907942790504,139.81545588884586,65716837
2021-12-20,横浜市西区,43,64.12159702451025,6,628,59,35.69081881932011,139.8602626527929,52246055
2018-10-04,横浜市西区,25,57.75053648938082,15,611,41,35.56165118673801,139.65954778578916,44903144
2021-05-04,横浜市西区,12,61.3607764672176,7,795,60,35.673317793682,139.7677748148489,64169572
2021-01-10,中央区,1,46.54392084556141,8,493,75,35.68063874325421,139.6664596235556,29921764
2022-09-13,さいたま市大宮区,19,52.844663034022496,6,404,79,35.81682513747241,139.68102399552257,54321055
2023-12-22,川崎市中原区,44,57.36131315988349,14,516,56,35.82489100339735,139.59126059673466,55669764
2021-12-25,港区,20,64.84634170500902,6,297,46,35.64049487219692,139.94986623877497,59691803
2020-06-15,川崎市中原区,31,50.275105933305134,13,267,62,35.6543256227367,139.919852776208,63731500
2020-06-08,さいたま市大宮区,12,61.254007068785356,12,511,73,35.75971507624668,139.84061507813408,50568766
2020-07-04,港区,35,51.809934497015455,15,695,77,35.609777386128755,140.05582939279157,70568220
2022-11-18,中央区,35,53.58949399206244,19,519,42,35.75063681820849,139.73161314551473,48493867
2019-12-05,千葉市中央区,27,64.95422850428888,2,669,51,35.66945122151569,140.21476436226658,45116993
2019-01-01,川崎市中原区,34,31.08327554735013,19,306,59,35.56367217067137,139.7258705876955,29963777
2020-01-03,港区,26,39.44233206310287,3,469,43,35.56517959445444,139.7982790027634,28980291
2018-02-19,千代田区,17,37.21377523068615,11,567,75,35.85364704352373,139.70033331290895,29757951
2018-08-21,川崎市中原区,33,26.996606561820343,8,408,44,35.66122942250281,139.81584883400905,27790486
2018-07-17,横浜市西区,37,46.86082671813788,13,208,66,35.876842491267794,139.88534223918293,49724792
2022-08-17,柏市,38,63.993206796732885,14,244,76,35.61836364871421,139.74291254104202,52830645
2022-05-01,横浜市西区,10,51.581391203409105,17,756,67,35.71494462413578,140.02650797706764,59188667
2022-03-06,柏市,30,57.37348098330222,9,563,70,35.96712120676219,139.795872392695,67786856
2020-10-08,新宿区,1,68.07060996052951,18,358,50,35.55311359064041,139.80057280791652,84221066
2022-04-20,中央区,26,70.9322335872123,7,355,73,35.45226226001203,139.62365034582294,74896116
2018-12-20,港区,26,54.170344783286325,5,223,56,35.83439081575447,139.82277486118255,66233308
2023-05-27,川崎市中原区,16,71.24303067483277,8,766,42,35.580782907352834,139.7398959168786,40882123
2021-01-02,新宿区,44,56.10551990120931,11,264,54,35.67751523630725,139.6687640405994,49732981
2023-08-17,横浜市西区,39,44.95122131407045,14,655,53,35.609689814745806,139.64352883877774,34909071
2018-11-30,渋谷区,2,47.86719577361518,16,344,60,35.71217953371464,140.1607645069635,46615237
2020-12-25,新宿区,10,37.233561849219804,6,401,50,35.56593565513771,139.72047841247314,31116465
2022-03-05,港区,10,44.34239375519617,7,364,58,35.658407189454,139.5414521868828,40651706
2020-12-21,横浜市西区,40,50.70379974310685,18,694,57,35.733977839186785,139.6552667810401,67255293
2020-09-04,柏市,23,64.64302023254322,9,219,53,35.559002933647086,139.75226482407857,59216629
2018-12-31,新宿区,33,75.6492379739918,6,411,67,35.59598991644249,139.84200005489245,78127390
2020-04-14,中央区,36,38.413821815475515,19,367,52,35.638314059968174,139.8432194782588,34708660
2019-06-07,新宿区,34,59.71392961911903,10,363,70,35.50854214789285,139.86149218276648,57632460
2019-10-23,千葉市中央区,4,42.513472730109584,19,315,50,35.62929268206415,139.6632709540044,40438957
2022-02-06,中央区,7,60.696365061558424,18,747,74,35.69425558478835,139.81106606652523,63103875
2021-10-12,柏市,18,53.426960191747284,18,427,54,35.63205412700939,139.62859108038342,63207380
2021-08-22,新宿区,15,33.029130089829636,12,450,41,35.64743482084819,139.66705355254788,42260071
2020-03-03,千代田区,33,66.13956389882182,16,431,45,35.67761179949121,139.62234365382494,66928213
2023-10-03,川崎市中原区,7,47.73999144629523,19,788,72,35.60131078450812,139.58174167181025,50981984
2018-07-11,さいたま市大宮区,17,48.59319713951734,6,403,74,35.762927507904024,139.9196314233287,34978700
2020-01-21,柏市,11,42.16297106452372,2,405,48,35.85231737497621,139.86329175514683,39313793
2018-09-16,船橋市,9,47.148600679749336,7,396,64,35.624274352936546,139.9064998054967,53657837
2020-01-13,船橋市,8,60.13468528833901,13,396,62,35.73822378777732,139.76589695990364,67542901
2023-10-08,川崎市中原区,9,52.729067908763135,11,253,45,35.651245941347845,139.87652115482976,52324211
2020-03-13,渋谷区,25,58.943944027389776,3,562,58,35.72385848140462,139.4958065893036,66446258
2023-06-13,中央区,19,59.34306224714612,12,215,67,35.86789354374439,139.8894631277068,62200629
2020-12-20,港区,20,70.84793986633801,5,335,78,35.74103914516217,139.78656797450074,84313387
2022-03-13,中央区,22,50.886566189627445,11,321,73,35.467190255342835,139.85406644002236,51287136
2020-09-28,中央区,33,37.27770619785122,12,374,43,35.73447947577363,139.8170034948573,32761897
2019-08-06,千代田区,38,67.8066689988638,13,653,49,35.82794364919708,139.61194172681945,68970790
2022-08-01,新宿区,24,51.022141934832945,9,559,57,35.65340845960023,139.53529403369134,18565994
2023-10-24,横浜市西区,29,68.37510933492852,9,794,46,35.79947617673414,139.65319187507254,70192324
2019-08-01,中央区,33,59.60052535818964,14,410,62,35.59718613506177,139.84473759219094,20860183
2022-09-02,柏市,31,53.42634963755986,15,757,40,35.50173530085733,139.8635137122763,32339360
2019-07-26,横浜市西区,6,59.18531072855554,16,226,44,35.696940282259916,139.55480865839272,61573658
2022-04-19,柏市,44,78.41215072151559,8,502,41,35.46922279351044,139.61283509487976,81980363
2022-09-24,さいたま市大宮区,8,79.92376634864505,9,679,51,35.65122747845277,139.65151464710885,57346440
2020-09-11,千代田区,19,55.83257362159335,7,519,70,35.83442107151746,139.70640424095996,45089247
2022-06-02,新宿区,29,56.922287119804906,11,759,47,35.45082845131044,139.5556923753721,69679038
2019-08-20,さいたま市大宮区,18,67.91488188959663,4,388,79,35.526460384490335,139.54669223507898,57944567
2018-06-23,横浜市西区,11,44.852067606791834,9,219,50,35.55615613058061,139.63672470553885,62729386
2018-07-31,渋谷区,41,58.99684447141906,5,664,41,35.672401616834684,139.77293807543373,56024349
2020-09-05,横浜市西区,4,54.68964582455372,11,240,53,35.63611398572245,139.58291084903698,56418234
2023-05-31,船橋市,11,58.76689853749065,17,658,69,35.84789636580353,139.74262947350422,74832292
2018-10-07,中央区,44,44.99957432860713,19,640,44,35.794521799491,139.91878292242126,43928828
2020-09-25,千代田区,33,35.925190080292374,10,706,42,35.739432753528234,139.56473303938796,26927050
2022-03-22,渋谷区,4,30.1241987681045,3,487,73,35.69747563772127,139.7290331362384,27956898
2019-03-20,柏市,34,41.59139064412471,6,737,63,35.727187573238176,139.9137135100626,39215601
2022-04-30,千葉市中央区,43,49.495896580728,3,301,53,35.57656211736239,139.6972597414454,33511279
2019-11-02,船橋市,5,51.48170096021486,15,460,70,35.782865242426794,139.67394954637123,46273481
2022-11-06,柏市,19,78.2467739491542,19,273,73,35.5465546894769,139.93452437214597,62719607
2021-06-22,港区,21,68.27192043888758,11,660,54,35.78024523926827,139.71406968815427,77479860
2021-04-12,渋谷区,6,43.45490660390047,5,628,62,35.82233710025426,139.9256742537808,41582972
2019-01-23,千代田区,9,59.17250142941148,2,683,40,35.70530375225057,139.82434480866908,52867129
2020-10-11,千代田区,8,50.1150611637961,19,658,52,35.658854432924564,139.7085733020635,46545045
2023-02-19,船橋市,9,51.58763394351886,7,385,63,35.72803718899716,139.83195357958962,51310319
2018-02-12,柏市,18,57.22390779298458,4,240,47,35.33661779558792,139.8080674270769,61422016
2022-07-20,港区,21,62.43005340370472,5,757,79,35.716270986218255,139.91313242315036,46826133
2020-12-15,さいたま市大宮区,11,50.92889819339182,6,495,78,35.666397520259224,139.67774816932024,37773071
2022-04-25,横浜市西区,13,67.7662183928123,13,256,50,35.67392462643316,139.76618091001723,79349894
2021-12-23,千代田区,9,41.29674128629115,18,756,55,35.76478390154774,139.7507726480593,35826270
2020-08-04,柏市,36,55.07606874834722,6,796,47,35.67102772941223,139.86562222124596,36715446
2019-11-07,船橋市,10,86.17208471914998,14,467,60,35.54317517720186,139.60622312083336,89512333
2021-10-05,川崎市中原区,40,57.676956911503304,3,662,44,35.66303167950095,139.91254655723566,60138261
2018-11-04,さいたま市大宮区,24,72.19857407927407,2,221,55,35.6881066580897,139.82994931582556,46485553
2021-07-03,中央区,36,56.0982421380785,2,255,62,35.69379206938972,139.56246123895505,55868034
2018-07-27,千葉市中央区,29,61.96932514395756,18,365,64,35.69943032407421,139.94123942382205,67987576
2021-11-24,中央区,12,54.3186016672877,12,593,63,35.80472428539023,140.09511396211965,55669901
2021-10-08,柏市,27,52.95510902602955,16,280,48,35.549675853635904,139.9102750954324,57000683
2018-07-04,千代田区,13,45.64621123929496,2,220,71,35.70108405473978,139.97404771508397,30543987
2022-07-17,港区,6,60.16361630749064,2,601,67,35.83479156383419,139.77280570724037,61138750
2020-06-29,柏市,12,44.781553729770785,17,662,70,35.471846620367536,139.5107742620392,39832119
2022-09-20,渋谷区,13,62.98702283576115,3,643,58,35.70155760169361,139.48338193232487,53755768
2018-04-02,渋谷区,6,68.02344405335091,4,679,75,35.60975457976323,139.79826230658014,76465910
2019-01-29,千葉市中央区,2,59.39837688684676,11,681,55,35.63551475386323,139.6712031788405,74001759
2020-12-17,新宿区,42,51.5650151973317,12,561,72,35.57142309961427,139.6228135582509,67492108
2019-02-17,横浜市西区,23,60.44758695170435,6,511,48,35.65965391411595,139.7505879974047,73320600
2019-12-24,渋谷区,18,51.29592333344305,10,714,49,35.90095067373123,139.85233779317917,47605343
2021-12-17,新宿区,41,66.22656550558179,14,408,61,35.528268356658735,139.54208636798566,67587126
2018-11-13,柏市,10,33.023126989418515,9,258,62,35.53964679970254,139.69266835695794,36436548
2022-01-24,新宿区,18,50.972711582576245,8,651,69,35.52376785158038,139.98648060246805,49659429
2018-08-15,港区,38,31.11025605851203,3,365,51,35.88729019439537,139.59870674296678,30368364
2019-01-19,さいたま市大宮区,28,37.059270037273535,10,787,74,35.624519235337445,139.89046417807472,41311844
2021-07-10,船橋市,18,71.3663467577669,16,448,53,35.67692331275828,139.68729038576765,66951872
2022-10-04,港区,12,65.74221978366023,13,711,61,35.63166604706725,139.8418690639775,52866120
2019-01-09,さいたま市大宮区,2,46.36623720058252,18,225,77,35.56666925459163,139.9245991260804,40204414
2019-10-19,横浜市西区,4,36.969958527509235,4,595,61,35.651781922406265,139.87119226504774,39808588
2023-07-20,船橋市,8,20.0,2,468,67,35.97498923268839,139.89637394033207,19011973
2023-12-08,港区,35,48.478053904808384,11,477,76,35.84704851051691,139.5872609699888,49352694
2021-06-26,柏市,29,84.04498014696883,5,359,78,35.57764746186493,139.9270489560112,91106090
2020-09-06,川崎市中原区,20,60.218611257563765,12,782,59,35.757708892367404,139.63209603280478,52693194
2020-01-30,船橋市,35,48.28513256740612,18,435,56,35.580217267280034,139.79893126483572,53173984
2021-09-03,渋谷区,8,60.58096251400367,8,710,47,35.466835883338454,139.79873692804958,62142044
2021-07-18,柏市,10,36.26849976406669,11,455,61,35.80234131011976,139.83276838383043,25498111
2019-10-08,川崎市中原区,18,51.432119647628376,14,228,76,35.81921114159723,139.81054350140903,63696672
2018-02-19,港区,41,56.19372967618886,4,727,59,35.805526270125746,139.6334285032213,47756300
2018-11-28,柏市,28,53.966792178147415,18,311,53,35.62361617009365,139.55751988815564,33404415
2023-10-01,千葉市中央区,38,64.48967346028097,5,362,44,35.65998691191976,139.89085230199424,47786284
2020-07-04,渋谷区,11,59.13574271483263,16,716,55,35.76997186643897,139.78787518662782,44102902
2020-11-22,川崎市中原区,38,63.01991221729597,13,736,49,35.72697952448177,139.93240652614367,60526508
2020-10-19,中央区,4,46.739532613230885,4,750,79,35.63276350344435,139.7532900598718,41842627
2022-09-11,横浜市西区,11,65.77378490092657,15,455,61,35.48571138158582,139.54922534589844,58054152
2018-05-23,柏市,24,74.5472433714879,5,654,45,35.693665023297044,139.9049194521506,80059295
2018-07-01,船橋市,3,43.35820576418305,12,396,42,35.80948115670833,139.7044444085508,44137572
2019-08-28,新宿区,38,44.347652131425285,19,644,74,35.5362894053159,139.81130051861314,44933465
2020-12-01,柏市,39,71.0294120358428,19,501,77,35.75665112580112,139.66288108572806,73299916
2022-01-09,中央区,24,52.70387215965928,17,231,70,35.71978500341604,140.00664525653505,56563215
2020-12-10,さいたま市大宮区,14,71.84585670479868,10,450,44,35.77001779158788,139.62851527637253,37964021
2020-08-24,千葉市中央区,5,49.689571457293795,12,480,43,35.78463705996628,139.70938553688407,43583336
2023-08-16,横浜市西区,28,72.46054691524853,7,354,47,35.59666417096896,139.7761173054046,37241676
2018-12-19,横浜市西区,24,56.57782980166542,18,424,70,35.48596487198021,139.59617265093695,54156976
2021-06-06,横浜市西区,34,58.09874587987234,10,501,70,35.615977656918055,139.80957792928814,55139974
2021-04-02,船橋市,27,73.77661626003885,15,229,73,35.78669527810324,140.0017865716201,85514952
2020-11-02,中央区,6,50.658754270669945,8,291,43,35.614959531576886,139.68643067589593,60158632
2022-11-04,渋谷区,6,43.7065348489005,15,660,46,35.59671480113708,139.81927142285474,43293727
2019-08-08,渋谷区,35,49.61722950365975,6,411,76,35.46143795896904,139.34758469209422,42171061
2023-09-20,新宿区,7,60.428007407717665,15,565,77,35.890317706546114,139.75416061992726,63270070
2019-12-28,中央区,42,36.210891133833826,2,539,69,35.77908563697104,139.71304365711106,30577072
2021-04-08,港区,5,62.64965083181346,3,530,44,35.772387517752975,139.63722535963842,59499718
2021-02-14,千代田区,33,48.534744188587084,8,448,42,35.79612704641354,139.92221757044427,55680381
2023-02-05,さいたま市大宮区,43,68.77375192880277,10,489,42,35.74920500338521,139.71106344775643,57663058
2020-08-19,千代田区,20,26.268876341194343,14,694,67,35.650680537378456,139.73337837693595,29188287
2019-09-16,川崎市中原区,3,45.561210698749974,8,779,73,35.66034830750534,139.70342106878164,49455795
2018-02-17,千葉市中央区,39,34.76238218519077,2,354,65,35.62869227624895,139.47247761923524,26386095
2020-03-07,さいたま市大宮区,9,45.08524640363257,7,601,50,35.9961688905298,139.59020203398845,51612635
2022-12-15,中央区,24,57.971990813307315,9,781,70,35.74670944375593,139.90416402291802,63172847
2018-01-22,新宿区,44,52.849280494602944,11,204,42,35.62434394703783,139.44350740296798,51284158
2023-05-17,柏市,33,51.95946917262382,13,670,73,35.73585961289995,139.64505269755765,41439511
2021-04-03,船橋市,3,53.08978154343927,6,498,75,35.55869572985724,139.70004199155653,41312280
2018-11-04,川崎市中原区,37,57.44065888743932,12,780,68,35.86054080623071,140.02154328009374,48391887
2019-10-24,千代田区,8,42.89756749668271,13,546,75,35.60067170850314,139.87529056482444,45407885
2021-04-28,千代田区,33,63.48219569078861,15,702,63,35.74013025191469,139.67642442094203,48175049
2019-11-23,渋谷区,28,62.95199164462581,11,299,58,35.80791731556918,139.95567705456733,65312845
2018-08-26,港区,13,59.62045525187321,16,285,52,35.7261722253046,139.64892262692481,41832626
2021-12-29,船橋市,19,61.67840131301516,5,755,76,35.691336399018354,139.9113649705601,56077156
2022-01-12,新宿区,6,58.557016009703915,14,515,67,35.68129625018272,139.55616841311155,56913294
2018-09-18,渋谷区,44,79.42087963277281,2,535,47,35.67322706837355,139.92098867476835,114288713
2019-09-08,柏市,11,53.95486994736988,3,301,78,35.6107961813287,139.69907995317934,36394549
2019-06-19,船橋市,14,51.31500137998508,17,336,42,35.62606198842764,139.6057243638588,63856537
2021-12-15,新宿区,23,45.95766903571146,10,690,63,35.85755084483811,139.72742845803853,45037067
2022-05-19,中央区,30,42.61284795306596,13,381,47,35.666975604077784,139.80160162695802,43986446
2022-05-12,横浜市西区,23,40.066338548787094,12,550,66,35.58570444767407,139.68578773542114,39011375
2023-08-18,さいたま市大宮区,23,44.33443224122898,14,389,56,35.618044288376616,139.8430930258993,46061052
2022-08-11,柏市,26,54.151835420175146,6,358,57,35.812044481683664,139.6725509174504,49779777
2019-12-04,船橋市,38,59.011541541972576,5,299,66,35.761072795979736,139.8530558590897,73222113
2018-08-24,柏市,18,55.61370470262594,2,757,70,35.747239501387874,139.82633330930548,47755809
2021-09-08,千代田区,37,45.813576670843446,17,764,55,35.649097456130825,139.7508615417938,53897240
2023-06-30,新宿区,35,65.80221476823957,6,269,79,35.748803496420756,139.6937926531451,54031947
2023-11-06,川崎市中原区,43,63.87295206761137,12,411,59,35.60277266500592,139.78273111936477,59909611
2019-05-20,千代田区,41,53.0842203109358,10,538,46,35.648846316238505,139.84253806145506,39049150
2019-06-02,渋谷区,36,47.165006264023454,4,429,40,35.79637653848701,140.06926987290973,49098995
2018-03-23,港区,11,61.581135049957595,9,632,48,35.784913321470285,139.9009130632697,76300577
2018-11-06,柏市,35,57.25568304983325,3,356,67,35.5621708184859,139.90639849247236,53507082
2021-04-30,千代田区,33,37.62247288701943,5,235,61,35.577336825650974,140.22327682922904,34259883
2021-04-12,港区,13,54.18423692818714,4,402,53,35.69304425833761,139.83739377151517,39396091
2020-03-23,新宿区,30,58.14442974489257,16,558,59,35.887135884960344,139.83269652669674,52570790
2019-11-10,港区,12,44.20366256214695,12,308,73,35.45013218026372,139.86560226114824,27912011
2022-12-23,川崎市中原区,24,57.278120714049315,18,689,62,35.71339995274846,139.60865510336174,43956627
2020-10-04,中央区,36,37.54213017690653,9,207,42,35.514874800211224,139.69341475453717,37367829
2022-11-06,柏市,9,71.03423320014605,5,240,41,35.603880280776934,139.68407460999614,86221539
2023-10-11,新宿区,15,69.97539982071318,12,505,59,35.63626858983229,139.85714209658292,105791760
2019-11-26,横浜市西区,35,51.96979198836442,18,507,56,35.629538998787574,139.7338738156668,43274361
2019-03-20,さいたま市大宮区,20,59.36145205406888,11,376,74,35.615944487240895,139.78073351382113,73433679
2023-09-18,川崎市中原区,43,26.0809364104015,2,355,63,35.68086484724516,139.92311819302225,26048348
2021-10-22,千葉市中央区,1,41.123828076816004,7,241,70,35.615769332004334,139.8894726108056,37823660
2019-09-30,新宿区,32,51.474652958174445,18,597,63,35.5045051138175,139.7357418495438,53354450
2021-09-23,横浜市西区,36,42.134403742877694,11,427,53,35.773584353502734,139.65950073546827,40549446
2021-02-01,千葉市中央区,41,63.57275779156791,19,271,66,35.770344660057866,139.93029120974796,61797752
2023-06-07,船橋市,7,78.96755836897593,11,439,64,35.78118091720272,139.87608367713648,68570165
2019-07-15,川崎市中原区,44,40.880623366848376,2,762,68,35.49511186044831,139.5190614772557,27405473
2023-12-12,さいたま市大宮区,18,44.95043915097769,17,356,47,35.7158701783101,139.71302690916374,28825591
2023-08-12,船橋市,16,57.82538041971917,15,736,65,35.76111746269683,139.7848273193025,62488938
2019-01-31,川崎市中原区,16,74.33339378199545,14,355,51,35.55625575178725,139.87682445756815,66503112
2018-12-27,柏市,29,40.331508249521164,19,311,71,35.68110078978186,139.89651522424094,33506699
2021-03-13,港区,30,57.9884334676833,5,356,71,35.66604800256275,139.80258590017633,55187657
2018-04-09,渋谷区,21,76.8555862097573,18,393,64,35.90105807902819,139.84778712970382,85231803
2019-10-17,港区,4,35.17889022184879,6,272,77,35.91093952444151,139.7696205203567,34688946
2020-08-10,千代田区,44,39.627169517850014,19,552,61,35.480277232800375,139.6589222467729,32446291
2023-10-24,横浜市西区,10,49.91672072246994,5,400,41,35.97927124068736,139.7208103413438,59663389
2023-12-14,新宿区,5,48.75293904573507,11,630,64,35.5701729134616,139.762848677996,61713279
2018-11-28,中央区,27,64.75121545304373,16,494,71,35.79768079531929,139.7547981124972,67918283
2023-05-07,中央区,19,57.899916637850055,3,465,44,35.796459757703644,139.47716406433346,66279928
2018-07-19,川崎市中原区,28,33.70045528429446,3,482,44,35.56051717277898,139.70037749976058,40386355
2022-06-28,柏市,39,61.18492483480973,17,293,50,35.739192135260694,139.76843084796337,71954686
2023-01-26,船橋市,5,48.06953335173219,3,627,73,35.66709595068807,139.71779450121414,51569948
2023-05-05,中央区,13,70.29336660329487,13,262,61,35.746519600555885,139.72297643067324,75190663
2019-05-05,渋谷区,23,47.46894956275696,18,632,79,35.707680676285676,139.83319870562067,50029050
2023-05-11,千葉市中央区,35,47.36061660277317,13,799,74,35.82356073824443,139.5981564219427,34598467
2018-09-11,港区,27,61.49357932965438,10,658,62,35.68904794517753,139.5157936679073,67036895
2021-02-10,横浜市西区,17,64.15511778804324,9,473,67,35.65985511166884,139.7077745313745,43550880
2020-10-25,中央区,27,60.37719236723444,13,388,53,35.81152770796686,139.87461716082527,47763195
2019-11-23,新宿区,44,34.7728321913823,12,723,43,35.74964751578303,140.013132955923,42099920
2018-02-18,川崎市中原区,22,61.456413279139014,11,354,55,35.767817607318506,139.8773192358642,68710976
2022-08-18,渋谷区,39,42.58830337990722,4,489,63,35.60024959932897,139.53976043601966,53128042
2020-01-05,新宿区,35,57.82331333905916,13,662,47,35.55456846623218,139.72514491409348,51790325
2021-12-20,さいたま市大宮区,14,37.91518677521128,15,753,48,35.61187334280967,139.79849515716222,27281881
2020-06-17,港区,11,60.355865770516765,14,752,40,35.60550143371833,139.78663866753854,54435713
2020-03-29,さいたま市大宮区,34,45.32081314831153,3,252,69,35.77434391223835,139.8408956829414,43979600
2023-04-25,港区,10,39.60838419687374,14,738,75,35.79711808603528,139.62244265803088,38253688
2018-07-26,中央区,15,63.56584163778879,15,268,73,35.66138436525611,139.7697414631326,74800220
2022-06-02,千葉市中央区,11,57.899734260121015,5,550,55,35.85171028225892,139.8230484244664,50821255
2022-06-24,新宿区,27,47.63227838328523,17,757,63,35.844216327251814,139.88385064299553,48604305
2020-04-12,千葉市中央区,13,72.41414618825277,11,592,78,35.70920786996806,139.63914227500808,54475320
2019-07-29,さいたま市大宮区,29,49.712170941163095,10,768,63,35.58137298741484,139.70822646991357,51703812
2018-01-12,船橋市,42,55.385292087651216,15,406,51,35.869045197932266,139.354427347989,52650461
2023-08-14,港区,37,58.22696137214321,11,388,53,35.67267791787659,139.66678070486333,46583742
2023-09-07,さいたま市大宮区,42,47.56400879045664,11,395,69,35.695139823571715,139.68133776605433,42942410
2019-06-12,柏市,2,60.653635520799156,7,413,57,35.63924739692721,139.60706232377487,55386768
2018-03-11,千葉市中央区,21,48.5985718340233,18,609,73,35.57322516084434,139.7848418225349,43542812
2018-09-26,新宿区,10,50.06034013340549,19,471,74,35.503763268362164,139.7516081851932,65292112
2018-05-29,船橋市,41,71.3517116776401,4,642,41,35.755944198826874,139.42111791836334,66379267
2022-12-26,港区,32,42.5129673698508,15,449,68,35.58599187353241,139.79232619539525,38313569
2023-05-08,川崎市中原区,15,26.046636028846116,2,384,54,36.047143747479616,139.62075138038165,13817995
2018-12-02,横浜市西区,25,74.33124394014274,8,314,60,35.549671170086505,139.83285334387855,57321172
2022-06-24,横浜市西区,27,85.59193543128404,19,530,50,35.529114103002236,139.5677223128407,76808945
2019-01-28,横浜市西区,22,50.13676881460802,5,739,54,35.741216645873614,139.76450098077964,40752642
2020-03-15,千代田区,21,31.757943512557777,8,715,53,35.86351761747608,139.71752550066702,38946084
2021-08-05,横浜市西区,3,51.274192285648674,5,351,42,35.68775075883319,139.80546528274255,47019072
2022-04-26,柏市,20,51.56532460191197,15,486,71,35.748669090422474,139.77870459164768,62274867
2023-03-31,中央区,16,52.720913907732914,10,623,45,35.45877430990495,139.72172537374678,50735493
2018-04-09,渋谷区,37,41.63934349693782,12,567,55,35.59869861451699,139.52955915289334,39867404
2019-03-07,柏市,39,61.95473370971773,18,240,47,35.551166112503495,139.53841880548083,57756724
2019-09-07,港区,34,61.29408850343303,11,554,46,35.452594498006256,139.67241695913617,58275921
2019-11-11,横浜市西区,2,37.067132562168325,15,223,54,35.69403762808287,139.75875801741054,47955936
2023-12-26,横浜市西区,38,63.39036078033865,3,269,76,35.410860685406746,139.66876280792013,30812650
2022-08-30,横浜市西区,18,79.63221978335069,5,592,77,35.52133648406951,139.85378178958692,43773102
2019-12-03,柏市,19,57.063523989244715,19,261,55,35.61553674471839,139.71811686211825,48011299
2023-10-30,中央区,42,50.95209805517793,17,403,60,35.58024569968587,139.61524809128306,48552538
2020-12-29,柏市,39,53.295961427109745,13,553,79,35.727569020264845,139.7182855560518,57987119
2021-01-01,千代田区,3,62.38308120362274,8,593,49,35.716669623028295,139.79387897544748,65166454
2020-08-07,千葉市中央区,16,34.23194073391338,5,467,77,35.787255849512256,139.80873270782368,29889647
2018-11-12,川崎市中原区,33,56.972688435727626,17,256,44,35.770286047925524,140.04175686979897,65735585
2023-08-09,新宿区,24,50.31443260644628,16,679,49,35.81689753472337,139.6596635989995,58165450
2018-01-31,新宿区,12,77.17390015547255,6,769,53,35.679769791998915,139.74897820076143,76156097
2019-01-17,さいたま市大宮区,24,52.909927194340504,12,733,41,35.716416028098,139.8239185920229,60451259
2019-05-18,さいたま市大宮区,39,75.01465133343424,13,649,72,35.7413816442303,139.75648655611988,75354396
2019-09-04,川崎市中原区,10,41.755111626615914,10,441,74,35.696998803686924,139.6849072781017,34978398
2018-10-16,千代田区,33,62.047110001633506,18,725,55,35.63233668280995,139.52761142354836,67604258
2018-02-09,川崎市中原区,33,58.832803165494745,4,492,73,35.64010689587923,139.68337481614205,57192699
2022-01-24,柏市,39,44.57143302562261,6,281,70,35.5818929922004,139.59894463809232,42354805
2023-10-24,千代田区,14,57.128753375643285,3,710,72,35.73059401958918,139.50100899783143,71101915
2018-09-24,横浜市西区,10,69.5502260419792,14,392,72,35.66871817910978,139.6406481737494,31980972
2019-10-12,横浜市西区,25,51.114499548560794,13,763,62,35.60041914992359,139.60293624188503,34065931
2021-01-13,船橋市,24,34.69644820996284,19,421,44,35.600530621681045,139.84756798179393,24724200
2023-07-25,渋谷区,19,54.78924608227065,11,721,76,35.534752152666066,139.85016377561215,48069228
2022-03-01,横浜市西区,35,44.170922862489846,4,522,64,35.79746096094846,139.62441810656287,39713121
2022-08-05,さいたま市大宮区,36,50.891908736033415,10,480,76,35.68943412034381,139.72096570541552,33005177
2021-06-26,千代田区,11,54.02094676377855,3,378,78,35.57646399765121,139.48126360068312,40676065
2020-07-02,千葉市中央区,36,34.532173407813794,14,701,47,35.77702572995224,139.6858490074726,26860217
2019-03-14,船橋市,11,35.61209992815186,14,236,56,35.612746142824676,139.81984728510534,51334301
2023-03-08,さいたま市大宮区,18,60.7848020263063,17,481,47,35.511219924758535,139.8837406834421,79649267
2022-10-28,さいたま市大宮区,2,48.72737564596383,8,421,42,35.80254667470629,139.6530429377463,42278313
2018-02-24,千葉市中央区,15,24.223067898153197,7,526,78,35.61554836125207,139.91777822907912,21250493
2022-04-16,千葉市中央区,43,64.41812843929762,3,352,76,35.63093210917494,139.53264621177297,46391307
2018-07-04,船橋市,20,58.268437063290875,9,598,77,35.6849416024419,139.57285583012842,33118259
2022-06-07,中央区,32,46.43350211156219,10,431,75,35.817110706734816,139.86644927984568,43026395
2022-12-14,横浜市西区,5,39.198037467301106,15,312,65,35.682404474903954,140.01066818428447,29415367
2018-10-15,さいたま市大宮区,28,65.02969475577204,15,318,60,35.53610594486257,139.83401479822754,60674649
2020-08-08,新宿区,17,59.19220747072515,4,617,79,35.74526524049346,139.75394864201988,37288653
2018-09-29,船橋市,33,83.59122739220888,7,357,62,35.62180123308859,139.43072243802166,66672789
2021-05-27,千葉市中央区,41,60.04226318469925,11,384,65,35.90655087658354,139.45663294159348,58824931
2023-07-25,川崎市中原区,24,59.65243769514418,8,576,48,35.67986563336025,139.77941143053437,61038874
2018-06-27,渋谷区,5,52.99686483869722,2,397,69,35.41179574025216,139.7062905995643,54771962
2020-05-20,渋谷区,21,64.8013104064095,17,432,72,35.72288379665868,139.59412472267718,44447361
2023-11-02,中央区,6,62.50102241497785,15,346,67,35.913351735071224,139.7698298871245,70059717
2019-10-22,さいたま市大宮区,20,70.02070010278234,11,407,59,35.86911043462545,139.77726970512617,55313388
2018-10-17,千葉市中央区,3,48.74412497635258,7,615,47,35.89971451465079,139.90166238028104,52476539
2020-12-05,さいたま市大宮区,29,49.775110324672454,17,520,41,35.557628777754225,139.78049034245188,47180446
2021-01-18,柏市,14,49.25076194905624,2,798,65,35.78945828751721,139.94425915525014,33230597
2021-12-22,柏市,9,64.48962065414787,10,663,67,35.59336065523159,139.7611991044323,57186845
2019-11-19,さいたま市大宮区,1,72.98049328356078,16,210,70,35.706914727930034,139.74269975077888,74664353
2023-09-24,中央区,40,49.49391408220839,19,427,78,35.527245708551234,139.91964682793707,53086829
2021-02-15,川崎市中原区,37,49.90271526648291,6,373,59,35.60266530821407,139.61323386799378,46000443
2019-09-20,中央区,36,58.76892668643759,13,552,73,35.598850396316365,140.1821671179899,73834680
2023-10-05,川崎市中原区,3,52.05086199984518,5,359,68,35.787826633617115,139.816288621725,59936679
2023-07-19,千葉市中央区,16,66.42464383767867,4,779,51,35.77608629460036,139.81712438792565,59693779
2020-12-29,中央区,43,27.97867251257144,8,379,73,35.7132183675197,139.83876439609588,30777221
2018-02-24,横浜市西区,26,45.079539436997266,17,513,42,35.51794942983335,140.04157047129974,60260466
2021-07-31,千代田区,6,45.61100399246265,14,273,63,35.642603267926035,139.87887611175088,61214387
2021-04-30,千葉市中央区,7,27.15572785136626,10,745,77,35.590466022046876,139.5192416031494,19128495
2018-11-21,横浜市西区,12,43.43633866757435,7,747,66,35.78436109080334,139.9705205577151,33215480
2021-10-20,横浜市西区,43,44.018126609848885,4,676,77,35.82138218233806,139.70886551308323,54889888
2023-01-16,横浜市西区,8,52.586744145774034,6,410,42,35.806766270323706,139.7760732609259,38827095
2018-08-20,新宿区,40,68.35559069992317,4,235,61,35.58937366966996,139.5681119041737,46857195
2022-05-04,川崎市中原区,30,52.05927218571157,5,626,71,35.35125602532526,139.83893030271858,44394126
2018-11-04,千葉市中央区,41,42.630235356746155,14,457,65,35.467964572224396,139.66229385648987,44081596
2022-06-28,渋谷区,37,54.31654550543765,4,794,75,35.850595237369866,139.77502544569901,50488351
2020-07-06,港区,15,67.59008345729619,2,618,58,35.63184940728162,139.71738514919588,55416249
2018-01-15,中央区,37,43.28849420662114,11,523,67,35.58991304580819,140.04875192026037,35286941
2023-10-18,新宿区,8,44.07310139294262,7,792,56,35.87711923521235,140.05733904502182,35590465
2018-12-30,中央区,13,61.70258751129068,10,680,74,35.8318191934586,139.7669769755322,47763854
2021-07-29,川崎市中原区,10,52.34156661123039,4,475,44,35.68293384663038,139.76959665670532,73609336
2019-02-02,港区,6,62.769816288513695,5,211,50,35.64479162907232,139.70398355504756,63366268
2023-08-06,千葉市中央区,4,54.83623849845644,9,255,43,35.66414785446243,139.9259009437254,61819732
2022-06-05,新宿区,9,63.419963777074805,14,466,68,35.70725953580649,139.71066201944998,54045510
2022-10-28,船橋市,6,42.57906263151231,9,537,49,35.87200567375835,139.69679940880314,38866537
2020-08-04,千葉市中央区,17,54.85498419054079,11,218,52,35.73069609090847,139.90678892954975,44283836
2020-10-20,新宿区,4,52.47171982764212,11,275,73,35.767123483964696,139.6792551357025,22020194
2021-10-21,川崎市中原区,3,40.40930891075043,6,622,54,35.82031241308842,139.7543367448327,27251962
2022-09-15,港区,44,36.23826462557574,7,650,45,35.53963887987707,139.52280338277333,21303615
2023-01-29,港区,4,63.228988423295945,9,217,40,35.77058342709689,139.86562855176845,31617228
2018-02-09,柏市,4,50.78857141338426,2,504,49,35.644651749440605,140.05113004087727,36107027
2021-12-24,千葉市中央区,2,42.73263662023204,14,248,76,35.37806857650727,139.86818380591995,51919774
2018-08-28,港区,6,53.84585275692001,13,634,61,35.4246196549617,139.97926987513208,50675019
2019-09-23,渋谷区,24,68.53622628819163,7,700,79,35.557825886617756,139.6330846795734,82799488
2022-12-22,新宿区,37,27.631145855536925,8,721,48,35.74374678743111,139.79544864230422,28520772
2019-07-03,中央区,33,37.04033572116008,7,558,54,35.69365594784084,139.61852601134458,40985567
2022-10-12,渋谷区,26,43.92536269725679,13,577,46,35.702124004861076,139.7258351681628,33814649
2020-10-10,渋谷区,4,72.53414640064395,15,755,55,35.914113217922406,139.87583172160288,76508306
2019-05-25,横浜市西区,35,58.39104379503156,3,567,62,35.52770924621682,139.7752730919655,63981568
2020-01-02,新宿区,2,64.20780688553472,9,467,72,35.67670799749795,139.54810384660982,53592364
2021-03-08,船橋市,28,41.318068970485236,2,652,54,35.71653226273766,139.56274563416932,43875991
2022-08-03,千葉市中央区,19,41.56556949675368,10,554,70,35.5916472260154,139.55282541027637,44194074
2021-08-20,千葉市中央区,39,60.37376460067252,6,705,65,35.683399209409956,139.83371788849092,50719364
2023-08-06,港区,14,55.69929197122536,8,514,51,35.48800607990988,140.0695841803485,40406846
2023-03-16,さいたま市大宮区,29,61.58486582636952,10,721,76,35.849188746073004,139.96436873660002,43920745
2022-07-08,船橋市,20,52.74794810885857,7,226,57,35.59820625369635,139.47560222012808,51023148
2021-08-13,港区,23,58.33772471745552,9,221,46,35.92376801977342,139.97316139071046,59236240
2019-09-27,千葉市中央区,42,56.89742901886131,15,259,78,35.6761030811299,139.90046006255218,45034021
2020-06-22,渋谷区,32,64.3332086690191,16,533,76,35.803366427847905,139.5282050081707,61458612
2018-09-18,千葉市中央区,19,64.68409938333365,2,625,41,35.67360365572106,139.7145197574934,68830829
2020-03-30,横浜市西区,20,35.56153606729876,8,329,76,35.676310740128734,139.92432836172435,38180221
2023-07-22,千葉市中央区,32,28.032777335909735,17,293,77,35.60991648001336,139.84256502664022,35331840
2020-07-21,港区,16,67.02094477181808,11,716,73,35.69429487152395,139.5636357421418,80786789
